id,estado_actual,produccion,siguiente_fase,evidencia_y_alcance
AUD-001,Corregido y verificado,Frontend desplegado y verificado técnicamente,Fase 3 cerrada,PR #1; main 98fb208; Vercel READY; prueba docente preview confirmada por usuario; login producción sin errores. Pruebas locales: 1500 respuestas y progresos. Ver FASE3.md.
AUD-002,Cuota y CAPTCHA publicados; flujo alumno verificado manualmente,SQL y Edge v3 desplegados,Verificado en fase 4; cierre global pendiente AUD-006,Cuota 100/IP/h probada local; producción 2026-09-21: CAPTCHA aceptado y reutilización rechazada; alumno activa libro y conserva acceso tras recargar. Reporte manual del usuario; no acredita activación docente en producción. Ver EVIDENCIA_FASE4.json.
AUD-003,Corregido y verificado local,Migración desplegada y verificada,Fase 3 cerrada,Seis políticas optimizadas; medianas locales respuestas 86.803 a 12.913 ms y actividad_progreso 423.132 a 20.863 ms. Ver FASE3.md.
AUD-004,Corregido y verificado en borde cloud,Edge v3: origen exacto; ajenos 403 sin CORS,Verificado en fase 4,OPTIONS permitido 204; POST permitido con origen exacto; POST y OPTIONS ajenos 403 sin CORS. Ver runtime-produccion-2026-09-17.json.
AUD-005,Candidato selectivo verificado localmente,Sin publicar,Fase 6 abierta,Rutas diferidas; lector alumno y panel/clase/respuestas docente locales cargan; principal candidato448.80 kB.
AUD-006,ACL aplicación corregidos; alcance gestionado documentado; residual abierto,Migración aplicada y ACL verify OK,Fase 4 en espera de respuesta de soporte,ACL aplicación y defaults postgres verificados; residual supabase_admin documentado. Usuario confirma consulta enviada el 2026-09-21; respuesta pendiente. Sin aceptación de riesgo ni corrección completa.
AUD-007,Medido; optimización diferida,18 series locales; metadatos cloud; sin migración justificada ahora,Fase 6,21 FK revisadas y 58 índices iguales. Respuestas 32 KiB cloud. Candidatos al crecer; no duplicar PK ni afirmar mejora de producción.
AUD-008,Candidato verificado con Auth/Storage y Range tardío reales locales,Sin publicar,Fase 6 abierta,TTL solicitado300 s; tras327.244 s PDF.js recibe400 y renueva una vez; páginas31–32 conservadas. Harness parcial con proxy/opciones; no máximo TTL servidor ni suspensión SO.
AUD-009,Corregido y publicado; npm audit acreditado 0,PR #3 integrado; producción Vercel READY,Fase 5 cerrada,Lockfile publicado en 623804c; build cloud pasa. ESLint selectivo: 35 errores y 24 advertencias idénticos a main base; cero nuevos. Ver FASE5.md.
AUD-010,Extracción gradual verificada localmente,Sin publicar,Fase 6 abierta,Dos mecánicas y helpers;8 casos navegador;60 declaraciones equivalentes candidato;3815 a3503 líneas.
AUD-011,Candidato y Auth local verificados,Sin publicar,Fase 6 abierta,13 pruebas reloj y5 hook; navegador acredita aviso/extensión/cierre real con marcas temporales de prueba.
AUD-012,Impacto medido y reducido localmente,Sin publicar,Fase 6 abierta,InactivityNotice aísla contador: renders Libro6 a0 en6s; reloj continúa. No mide CPU ni finalización de actividad.
AUD-013,Reconstrucción contrastada y versionada,Recursos integrados en main; sin ejecutar SQL cloud,Fase 5 cerrada en alcance documentado,PR #3; 19 archivos y hashes comprobados. Catálogo local/producción coincide en categorías documentadas; no dump completo ni servicios gestionados. Residual AUD-006 fase 4 separado.
AUD-014,Diagnósticos saneados y revisados localmente,Sin publicar,Fase 6 abierta,44 llamadas estáticas;4 pruebas incluido AST global; logger omite mensajes/rutas/respuestas; no cubre librerías.
AUD-015,Corregido y verificado localmente; versionado,Trigger ya existente; no modificado,Fase 5 cerrada,PR #3 integrado. Signup API local crea exactamente un perfil estudiante sin escalada. No se realizó signup cloud ni se recreó trigger en producción.
AUD-016,Corregido y desplegado,Verificado por catálogo y aserciones SQL,Cerrado en fase 2,Política universal eliminada; lectura docente acotada a inscripción y escuela. 24/24 RLS y 15/15 pruebas específicas pasan en local. Ver FASE2.md.
AUD-017,Permisos de aplicación verificados,ACL migrados y verificación SQL OK,Verificado en fase 4,Generadores y RPC interna cerrados; paquete selectivo PR #2. No se aplicó schema completo. Ver acl-verificacion-produccion.json.
